{
  "project_info": {
    "project_number": "663944632369",
    "firebase_url": "https://app-ms-ecdb8-default-rtdb.firebaseio.com",
    "project_id": "app-ms-ecdb8",
    "storage_bucket": "app-ms-ecdb8.appspot.com"
  },
  "client": [
    {
      "client_info": {
        "mobilesdk_app_id": "1:663944632369:android:8762e720d729934bfedd10",
        "android_client_info": {
          "package_name": "com.example.motosolutionsdan"
        }
      },
      "oauth_client": [],
      "api_key": [
        {
          "current_key": "AIzaSyCUVaF509OJywVLW_zOidO2NFeL4b35qpY"
        }
      ],
      "services": {
        "appinvite_service": {
          "other_platform_oauth_client": []
        }
      }
    }
  ],
  "configuration_version": "1"
}